URL,Lastmod,Changefreq,Priority
https://ui-test.deepseek.diy/,2025-03-26,daily,1.0
https://ui-test.deepseek.diy/block-blast,2025-03-26,weekly,0.9
https://ui-test.deepseek.diy/dating,2025-03-26,weekly,0.9
https://ui-test.deepseek.diy/privacy,2025-03-26,weekly,0.9
https://ui-test.deepseek.diy/soulmate,2025-03-26,weekly,0.9
https://ui-test.deepseek.diy/terms,2025-03-26,weekly,0.9
https://ui-test.deepseek.diy/wuxingliaoyu/index-mohuan,2025-03-26,weekly,0.9
https://ui-test.deepseek.diy/wuxingliaoyu/index-xiuxian,2025-03-26,weekly,0.9
https://ui-test.deepseek.diy/yangming/v1,2025-03-26,weekly,0.9
https://ui-test.deepseek.diy/yangming/v2,2025-03-26,weekly,0.9
https://ui-test.deepseek.diy/yangming/v3,2025-03-26,weekly,0.9
https://ui-test.deepseek.diy/yangming/v4,2025-03-26,weekly,0.9